"","county_name","sub_county","location"
"1","MOMBASA","changamwe","port reitz"
"2","MOMBASA","changamwe","kipevu"
"3","MOMBASA","changamwe","airport"
"4","MOMBASA","changamwe","changamwe"
"5","MOMBASA","changamwe","chaani"
"6","MOMBASA","jomvu","jomvu kuu"
"7","MOMBASA","jomvu","miritini"
"8","MOMBASA","jomvu","mikindani"
"9","MOMBASA","kisauni","mjambere"
"10","MOMBASA","kisauni","junda"
"11","MOMBASA","kisauni","bamburi"
"12","MOMBASA","kisauni","mwakirunge"
"13","MOMBASA","kisauni","mtopanga"
"14","MOMBASA","kisauni","magogoni"
"15","MOMBASA","kisauni","shanzu"
"16","MOMBASA","nyali","frere town"
"17","MOMBASA","nyali","ziwa la ng'ombe"
"18","MOMBASA","nyali","mkomani"
"19","MOMBASA","nyali","kongowea"
"20","MOMBASA","nyali","kadzandani"
"21","MOMBASA","likoni","mtongwe"
"22","MOMBASA","likoni","shika adabu"
"23","MOMBASA","likoni","bofu"
"24","MOMBASA","likoni","likoni"
"25","MOMBASA","likoni","timbwani"
"26","MOMBASA","mvita","mji wa kale/makadara"
"27","MOMBASA","mvita","tudor"
"28","MOMBASA","mvita","tononoka"
"29","MOMBASA","mvita","shimanzi/ganjoni"
"30","MOMBASA","mvita","majengo"
"31","KWALE","msambweni","gombatobongwe"
"32","KWALE","msambweni","ukunda"
"33","KWALE","msambweni","kinondo"
"34","KWALE","msambweni","ramisi"
"35","KWALE","lungalunga","pongwekikoneni"
"36","KWALE","lungalunga","dzombo"
"37","KWALE","lungalunga","mwereni"
"38","KWALE","lungalunga","vanga"
"39","KWALE","matuga","tsimba golini"
"40","KWALE","matuga","waa"
"41","KWALE","matuga","tiwi"
"42","KWALE","matuga","kubo south"
"43","KWALE","matuga","mkongani"
"44","KWALE","kinango","nadavaya"
"45","KWALE","kinango","puma"
"46","KWALE","kinango","kinango"
"47","KWALE","kinango","mackinnon-road"
"48","KWALE","kinango","chengoni/samburu"
"49","KWALE","kinango","mwavumbo"
"50","KWALE","kinango","kasemeni"
"51","KILIFI","kilifi north","tezo"
"52","KILIFI","kilifi north","sokoni"
"53","KILIFI","kilifi north","kibarani"
"54","KILIFI","kilifi north","dabaso"
"55","KILIFI","kilifi north","matsangoni"
"56","KILIFI","kilifi north","watamu"
"57","KILIFI","kilifi north","mnarani"
"58","KILIFI","kilifi south","junju"
"59","KILIFI","kilifi south","mwarakaya"
"60","KILIFI","kilifi south","shimo la tewa"
"61","KILIFI","kilifi south","chasimba"
"62","KILIFI","kilifi south","mtepeni"
"63","KILIFI","kaloleni","mariakani"
"64","KILIFI","kaloleni","kayafungo"
"65","KILIFI","kaloleni","kaloleni"
"66","KILIFI","kaloleni","mwanamwinga"
"67","KILIFI","rabai","mwawesa"
"68","KILIFI","rabai","ruruma"
"69","KILIFI","rabai","kambe/ribe"
"70","KILIFI","rabai","rabai/kisurutini"
"71","KILIFI","ganze","ganze"
"72","KILIFI","ganze","bamba"
"73","KILIFI","ganze","jaribuni"
"74","KILIFI","ganze","sokoke"
"75","KILIFI","malindi","jilore"
"76","KILIFI","malindi","kakuyuni"
"77","KILIFI","malindi","ganda"
"78","KILIFI","malindi","malindi town"
"79","KILIFI","malindi","shella"
"80","KILIFI","magarini","marafa"
"81","KILIFI","magarini","magarini"
"82","KILIFI","magarini","gongoni"
"83","KILIFI","magarini","adu"
"84","KILIFI","magarini","garashi"
"85","KILIFI","magarini","sabaki"
"86","TANA RIVER","garsen","kipini east"
"87","TANA RIVER","garsen","garsen south"
"88","TANA RIVER","garsen","kipini west"
"89","TANA RIVER","garsen","garsen central"
"90","TANA RIVER","garsen","garsen west"
"91","TANA RIVER","garsen","garsen north"
"92","TANA RIVER","galole","kinakomba"
"93","TANA RIVER","galole","mikinduni"
"94","TANA RIVER","galole","chewani"
"95","TANA RIVER","galole","wayu"
"96","TANA RIVER","bura","chewele"
"97","TANA RIVER","bura","bura"
"98","TANA RIVER","bura","bangale"
"99","TANA RIVER","bura","sala"
"100","TANA RIVER","bura","madogo"
"101","LAMU","lamu east","faza"
"102","LAMU","lamu east","kiunga"
"103","LAMU","lamu east","basuba"
"104","LAMU","lamu west","shella"
"105","LAMU","lamu west","mkomani"
"106","LAMU","lamu west","hindi"
"107","LAMU","lamu west","mkunumbi"
"108","LAMU","lamu west","hongwe"
"109","LAMU","lamu west","witu"
"110","TAITA TAVETA","lamu west","bahari"
"111","TAITA TAVETA","taveta","chala"
"112","TAITA TAVETA","taveta","mahoo"
"113","TAITA TAVETA","taveta","bomeni"
"114","TAITA TAVETA","taveta","mboghoni"
"115","TAITA TAVETA","taveta","mata"
"116","TAITA TAVETA","wundanyi","wundanyi/mbale"
"117","TAITA TAVETA","wundanyi","werugha"
"118","TAITA TAVETA","wundanyi","wumingu/kishushe"
"119","TAITA TAVETA","wundanyi","mwanda/mgange"
"120","TAITA TAVETA","mwatate","rong'e"
"121","TAITA TAVETA","mwatate","mwatate"
"122","TAITA TAVETA","mwatate","bura"
"123","TAITA TAVETA","mwatate","chawia"
"124","TAITA TAVETA","mwatate","wusi/kishamba"
"125","TAITA TAVETA","voi","mbololo"
"126","TAITA TAVETA","voi","sagalla"
"127","TAITA TAVETA","voi","kaloleni"
"128","TAITA TAVETA","voi","marungu"
"129","TAITA TAVETA","voi","kasigau"
"130","TAITA TAVETA","voi","ngolia"
"131","GARISSA","garissa township","waberi"
"132","GARISSA","garissa township","galbet"
"133","GARISSA","garissa township","township"
"134","GARISSA","garissa township","iftin"
"135","GARISSA","balambala","balambala"
"136","GARISSA","balambala","danyere"
"137","GARISSA","balambala","jara jara"
"138","GARISSA","balambala","saka"
"139","GARISSA","balambala","sankuri"
"140","GARISSA","lagdera","modogashe"
"141","GARISSA","lagdera","benane"
"142","GARISSA","lagdera","goreale"
"143","GARISSA","lagdera","maalimin"
"144","GARISSA","lagdera","sabena"
"145","GARISSA","lagdera","baraki"
"146","GARISSA","dadaab","dertu"
"147","GARISSA","dadaab","dadaab"
"148","GARISSA","dadaab","labasigale"
"149","GARISSA","dadaab","damajale"
"150","GARISSA","dadaab","liboi"
"151","GARISSA","dadaab","abakaile"
"152","GARISSA","fafi","bura"
"153","GARISSA","fafi","dekaharia"
"154","GARISSA","fafi","jarajila"
"155","GARISSA","fafi","fafi"
"156","GARISSA","fafi","nanighi"
"157","GARISSA","ijara","hulugho"
"158","GARISSA","ijara","sangailu"
"159","GARISSA","ijara","ijara"
"160","GARISSA","ijara","masalani"
"161","WAJIR","wajir north","gurar"
"162","WAJIR","wajir north","bute"
"163","WAJIR","wajir north","korondile"
"164","WAJIR","wajir north","malkagufu"
"165","WAJIR","wajir north","batalu"
"166","WAJIR","wajir north","danaba"
"167","WAJIR","wajir north","godoma"
"168","WAJIR","wajir east","wagberi"
"169","WAJIR","wajir east","township"
"170","WAJIR","wajir east","barwago"
"171","WAJIR","wajir east","khorof/harar"
"172","WAJIR","tarbaj","elben"
"173","WAJIR","tarbaj","sarman"
"174","WAJIR","tarbaj","tarbaj"
"175","WAJIR","tarbaj","wargadud"
"176","WAJIR","wajir west","arbajahan"
"177","WAJIR","wajir west","hadado/athibohol"
"178","WAJIR","wajir west","ademasajide"
"179","WAJIR","wajir west","wagalla/ganyure"
"180","WAJIR","eldas","eldas"
"181","WAJIR","eldas","della"
"182","WAJIR","eldas","lakoley south/basir"
"183","WAJIR","eldas","elnur/tula tula"
"184","WAJIR","wajir south","benane"
"185","WAJIR","wajir south","burder"
"186","WAJIR","wajir south","dadaja bulla"
"187","WAJIR","wajir south","habasswein"
"188","WAJIR","wajir south","lagboghol south"
"189","WAJIR","wajir south","ibrahim ure"
"190","WAJIR","wajir south","diif"
"191","MANDERA","mandera west","takaba south"
"192","MANDERA","mandera west","takaba"
"193","MANDERA","mandera west","lag sure"
"194","MANDERA","mandera west","dandu"
"195","MANDERA","mandera west","gither"
"196","MANDERA","banissa","banissa"
"197","MANDERA","banissa","derkhale"
"198","MANDERA","banissa","guba"
"199","MANDERA","banissa","malkamari"
"200","MANDERA","banissa","kiliwehiri"
"201","MANDERA","mandera north","ashabito"
"202","MANDERA","mandera north","guticha"
"203","MANDERA","mandera north","morothile"
"204","MANDERA","mandera north","rhamu"
"205","MANDERA","mandera north","rhamu-dimtu"
"206","MANDERA","mandera south","wargudud"
"207","MANDERA","mandera south","kutulo"
"208","MANDERA","mandera south","elwak south"
"209","MANDERA","mandera south","elwak north"
"210","MANDERA","mandera south","shimbir fatuma"
"211","MANDERA","mandera east","arabia"
"212","MANDERA","mandera east","bulla mpya"
"213","MANDERA","mandera east","khalalio"
"214","MANDERA","mandera east","neboi"
"215","MANDERA","mandera east","township"
"216","MANDERA","lafey","libehia"
"217","MANDERA","lafey","fino"
"218","MANDERA","lafey","lafey"
"219","MANDERA","lafey","warankara"
"220","MANDERA","lafey","alungo gof"
"221","MARSABIT","moyale","butiye"
"222","MARSABIT","moyale","sololo"
"223","MARSABIT","moyale","heilu-manyatta"
"224","MARSABIT","moyale","golbo"
"225","MARSABIT","moyale","moyale township"
"226","MARSABIT","moyale","uran"
"227","MARSABIT","moyale","obbu"
"228","MARSABIT","north horr","illeret"
"229","MARSABIT","north horr","north horr"
"230","MARSABIT","north horr","dukana"
"231","MARSABIT","north horr","maikona"
"232","MARSABIT","north horr","turbi"
"233","MARSABIT","saku","sagante/jaldesa"
"234","MARSABIT","saku","karare"
"235","MARSABIT","saku","marsabit central"
"236","MARSABIT","laisamis","loiyangalani"
"237","MARSABIT","laisamis","kargi/south horr"
"238","MARSABIT","laisamis","korr/ngurunit"
"239","MARSABIT","laisamis","log logo"
"240","MARSABIT","laisamis","laisamis"
"241","ISIOLO","isiolo north","wabera"
"242","ISIOLO","isiolo north","bulla pesa"
"243","ISIOLO","isiolo north","chari"
"244","ISIOLO","isiolo north","cherab"
"245","ISIOLO","isiolo north","ngare mara"
"246","ISIOLO","isiolo north","burat"
"247","ISIOLO","isiolo north","oldonyiro"
"248","ISIOLO","isiolo south","garbatulla"
"249","ISIOLO","isiolo south","kinna"
"250","ISIOLO","isiolo south","sericho"
"251","MERU","igembe south","maua"
"252","MERU","igembe south","kiegoi/antubochiu"
"253","MERU","igembe south","athiru gaiti"
"254","MERU","igembe south","akachiu"
"255","MERU","igembe south","kanuni"
"256","MERU","igembe central","akirang'ondu"
"257","MERU","igembe central","athiru ruujine"
"258","MERU","igembe central","igembe east"
"259","MERU","igembe central","njia"
"260","MERU","igembe central","kangeta"
"261","MERU","igembe north","antuambui"
"262","MERU","igembe north","ntunene"
"263","MERU","igembe north","antubetwe kiongo"
"264","MERU","igembe north","naathu"
"265","MERU","igembe north","amwathi"
"266","MERU","tigania west","athwana"
"267","MERU","tigania west","akithii"
"268","MERU","tigania west","kianjai"
"269","MERU","tigania west","nkomo"
"270","MERU","tigania west","mbeu"
"271","MERU","tigania east","thangatha"
"272","MERU","tigania east","mikinduri"
"273","MERU","tigania east","kiguchwa"
"274","MERU","tigania east","muthara"
"275","MERU","tigania east","karama"
"276","MERU","north imenti","municipality"
"277","MERU","north imenti","ntima east"
"278","MERU","north imenti","ntima west"
"279","MERU","north imenti","nyaki west"
"280","MERU","north imenti","nyaki east"
"281","MERU","buuri","timau"
"282","MERU","buuri","kisima"
"283","MERU","buuri","kiirua/naari"
"284","MERU","buuri","ruiri/rwarera"
"285","MERU","buuri","kibirichia"
"286","MERU","central imenti","mwanganthia"
"287","MERU","central imenti","abothuguchi central"
"288","MERU","central imenti","abothuguchi west"
"289","MERU","central imenti","kiagu"
"290","MERU","south imenti","mitunguu"
"291","MERU","south imenti","igoji east"
"292","MERU","south imenti","igoji west"
"293","MERU","south imenti","abogeta east"
"294","MERU","south imenti","abogeta west"
"295","MERU","south imenti","nkuene"
"296","THARAKA-NITHI","maara","mitheru"
"297","THARAKA-NITHI","maara","muthambi"
"298","THARAKA-NITHI","maara","mwimbi"
"299","THARAKA-NITHI","maara","ganga"
"300","THARAKA-NITHI","maara","chogoria"
"301","THARAKA-NITHI","chuka/igambang'om","mariani"
"302","THARAKA-NITHI","chuka/igambang'om","karingani"
"303","THARAKA-NITHI","chuka/igambang'om","magumoni"
"304","THARAKA-NITHI","chuka/igambang'om","mugwe"
"305","THARAKA-NITHI","chuka/igambang'om","igambang'ombe"
"306","THARAKA-NITHI","tharaka","gatunga"
"307","THARAKA-NITHI","tharaka","mukothima"
"308","THARAKA-NITHI","tharaka","nkondi"
"309","THARAKA-NITHI","tharaka","chiakariga"
"310","THARAKA-NITHI","tharaka","marimanti"
"311","EMBU","manyatta","ruguru/ngandori"
"312","EMBU","manyatta","kithimu"
"313","EMBU","manyatta","nginda"
"314","EMBU","manyatta","mbeti north"
"315","EMBU","manyatta","kirimari"
"316","EMBU","manyatta","gaturi south"
"317","EMBU","runyenjes","gaturi north"
"318","EMBU","runyenjes","kagaari south"
"319","EMBU","runyenjes","central  ward"
"320","EMBU","runyenjes","kagaari north"
"321","EMBU","runyenjes","kyeni north"
"322","EMBU","runyenjes","kyeni south"
"323","EMBU","mbeere south","mwea"
"324","EMBU","mbeere south","makima"
"325","EMBU","mbeere south","mbeti south"
"326","EMBU","mbeere south","mavuria"
"327","EMBU","mbeere south","kiambere"
"328","EMBU","mbeere north","nthawa"
"329","EMBU","mbeere north","muminji"
"330","EMBU","mbeere north","evurore"
"331","KITUI","mwingi north","ngomeni"
"332","KITUI","mwingi north","kyuso"
"333","KITUI","mwingi north","mumoni"
"334","KITUI","mwingi north","tseikuru"
"335","KITUI","mwingi north","tharaka"
"336","KITUI","mwingi west","kyome/thaana"
"337","KITUI","mwingi west","nguutani"
"338","KITUI","mwingi west","migwani"
"339","KITUI","mwingi west","kiomo/kyethani"
"340","KITUI","mwingi central","central"
"341","KITUI","mwingi central","kivou"
"342","KITUI","mwingi central","nguni"
"343","KITUI","mwingi central","nuu"
"344","KITUI","mwingi central","mui"
"345","KITUI","mwingi central","waita"
"346","KITUI","kitui west","mutonguni"
"347","KITUI","kitui west","kauwi"
"348","KITUI","kitui west","matinyani"
"349","KITUI","kitui west","kwa mutonga/kithumula"
"350","KITUI","kitui rural","kisasi"
"351","KITUI","kitui rural","mbitini"
"352","KITUI","kitui rural","kwavonza/yatta"
"353","KITUI","kitui rural","kanyangi"
"354","KITUI","kitui central","miambani"
"355","KITUI","kitui central","township"
"356","KITUI","kitui central","kyangwithya west"
"357","KITUI","kitui central","mulango"
"358","KITUI","kitui central","kyangwithya east"
"359","KITUI","kitui east","zombe/mwitika"
"360","KITUI","kitui east","chuluni"
"361","KITUI","kitui east","nzambani"
"362","KITUI","kitui east","voo/kyamatu"
"363","KITUI","kitui east","endau/malalani"
"364","KITUI","kitui east","mutito/kaliku"
"365","KITUI","kitui south","ikanga/kyatune"
"366","KITUI","kitui south","mutomo"
"367","KITUI","kitui south","mutha"
"368","KITUI","kitui south","ikutha"
"369","KITUI","kitui south","kanziko"
"370","KITUI","kitui south","athi"
"371","MACHAKOS","masinga","kivaa"
"372","MACHAKOS","masinga","masinga central"
"373","MACHAKOS","masinga","ekalakala"
"374","MACHAKOS","masinga","muthesya"
"375","MACHAKOS","masinga","ndithini"
"376","MACHAKOS","yatta","ndalani"
"377","MACHAKOS","yatta","matuu"
"378","MACHAKOS","yatta","kithimani"
"379","MACHAKOS","yatta","ikombe"
"380","MACHAKOS","yatta","katangi"
"381","MACHAKOS","kangundo","kangundo north"
"382","MACHAKOS","kangundo","kangundo central"
"383","MACHAKOS","kangundo","kangundo east"
"384","MACHAKOS","kangundo","kangundo west"
"385","MACHAKOS","matungulu","tala"
"386","MACHAKOS","matungulu","matungulu north"
"387","MACHAKOS","matungulu","matungulu east"
"388","MACHAKOS","matungulu","matungulu west"
"389","MACHAKOS","matungulu","kyeleni"
"390","MACHAKOS","kathiani","mitaboni"
"391","MACHAKOS","kathiani","kathiani central"
"392","MACHAKOS","kathiani","upper kaewa/iveti"
"393","MACHAKOS","kathiani","lower kaewa/kaani"
"394","MACHAKOS","mavoko","athi river"
"395","MACHAKOS","mavoko","kinanie"
"396","MACHAKOS","mavoko","muthwani"
"397","MACHAKOS","mavoko","syokimau/mulolongo"
"398","MACHAKOS","machakos town","kalama"
"399","MACHAKOS","machakos town","mua"
"400","MACHAKOS","machakos town","mutituni"
"401","MACHAKOS","machakos town","machakos central"
"402","MACHAKOS","machakos town","mumbuni north"
"403","MACHAKOS","machakos town","muvuti/kiima-kimwe"
"404","MACHAKOS","machakos town","kola"
"405","MACHAKOS","mwala","mbiuni"
"406","MACHAKOS","mwala","makutano/ mwala"
"407","MACHAKOS","mwala","masii"
"408","MACHAKOS","mwala","muthetheni"
"409","MACHAKOS","mwala","wamunyu"
"410","MACHAKOS","mwala","kibauni"
"411","MAKUENI","mbooni","tulimani"
"412","MAKUENI","mbooni","mbooni"
"413","MAKUENI","mbooni","kithungo/kitundu"
"414","MAKUENI","mbooni","kisau/kiteta"
"415","MAKUENI","mbooni","waia/kako"
"416","MAKUENI","mbooni","kalawa"
"417","MAKUENI","kilome","kasikeu"
"418","MAKUENI","kilome","mukaa"
"419","MAKUENI","kilome","kiima kiu/kalanzoni"
"420","MAKUENI","kaiti","ukia"
"421","MAKUENI","kaiti","kee"
"422","MAKUENI","kaiti","kilungu"
"423","MAKUENI","kaiti","ilima"
"424","MAKUENI","makueni","wote"
"425","MAKUENI","makueni","muvau/kikuumini"
"426","MAKUENI","makueni","mavindini"
"427","MAKUENI","makueni","kitise/kithuki"
"428","MAKUENI","makueni","kathonzweni"
"429","MAKUENI","makueni","nzaui/kilili/kalamba"
"430","MAKUENI","makueni","mbitini"
"431","MAKUENI","kibwezi west","makindu"
"432","MAKUENI","kibwezi west","nguumo"
"433","MAKUENI","kibwezi west","kikumbulyu north"
"434","MAKUENI","kibwezi west","kikumbulyu south"
"435","MAKUENI","kibwezi west","nguu/masumba"
"436","MAKUENI","kibwezi west","emali/mulala"
"437","MAKUENI","kibwezi east","masongaleni"
"438","MAKUENI","kibwezi east","mtito andei"
"439","MAKUENI","kibwezi east","thange"
"440","MAKUENI","kibwezi east","ivingoni/nzambani"
"441","NYANDARUA","kinangop","engineer"
"442","NYANDARUA","kinangop","gathara"
"443","NYANDARUA","kinangop","north kinangop"
"444","NYANDARUA","kinangop","murungaru"
"445","NYANDARUA","kinangop","njabini\kiburu"
"446","NYANDARUA","kinangop","nyakio"
"447","NYANDARUA","kinangop","githabai"
"448","NYANDARUA","kinangop","magumu"
"449","NYANDARUA","kipipiri","wanjohi"
"450","NYANDARUA","kipipiri","kipipiri"
"451","NYANDARUA","kipipiri","geta"
"452","NYANDARUA","kipipiri","githioro"
"453","NYANDARUA","ol kalou","karau"
"454","NYANDARUA","ol kalou","kanjuiri ridge"
"455","NYANDARUA","ol kalou","mirangine"
"456","NYANDARUA","ol kalou","kaimbaga"
"457","NYANDARUA","ol kalou","rurii"
"458","NYANDARUA","ol jorok","gathanji"
"459","NYANDARUA","ol jorok","gatimu"
"460","NYANDARUA","ol jorok","weru"
"461","NYANDARUA","ol jorok","charagita"
"462","NYANDARUA","ndaragwa","leshau pondo"
"463","NYANDARUA","ndaragwa","kiriita"
"464","NYANDARUA","ndaragwa","central"
"465","NYANDARUA","ndaragwa","shamata"
"466","NYERI","tetu","dedan kimanthi"
"467","NYERI","tetu","wamagana"
"468","NYERI","tetu","aguthi/gaaki"
"469","NYERI","kieni","mweiga"
"470","NYERI","kieni","naromoru kiamathaga"
"471","NYERI","kieni","mwiyogo/endarasha"
"472","NYERI","kieni","mugunda"
"473","NYERI","kieni","gatarakwa"
"474","NYERI","kieni","thegu river"
"475","NYERI","kieni","kabaru"
"476","NYERI","kieni","gakawa"
"477","NYERI","mathira","ruguru"
"478","NYERI","mathira","magutu"
"479","NYERI","mathira","iriaini"
"480","NYERI","mathira","konyu"
"481","NYERI","mathira","kirimukuyu"
"482","NYERI","mathira","karatina town"
"483","NYERI","othaya","mahiga"
"484","NYERI","othaya","iria-ini"
"485","NYERI","othaya","chinga"
"486","NYERI","othaya","karima"
"487","NYERI","mukurweini","gikondi"
"488","NYERI","mukurweini","rugi"
"489","NYERI","mukurweini","mukurwe-ini west"
"490","NYERI","mukurweini","mukurwe-ini central"
"491","NYERI","nyeri town","kiganjo/mathari"
"492","NYERI","nyeri town","rware"
"493","NYERI","nyeri town","gatitu/muruguru"
"494","NYERI","nyeri town","ruring'u"
"495","NYERI","nyeri town","kamakwa/mukaro"
"496","KIRINYAGA","mwea","mutithi"
"497","KIRINYAGA","mwea","kangai"
"498","KIRINYAGA","mwea","thiba"
"499","KIRINYAGA","mwea","wamumu"
"500","KIRINYAGA","mwea","nyangati"
"501","KIRINYAGA","mwea","murinduko"
"502","KIRINYAGA","mwea","gathigiriri"
"503","KIRINYAGA","mwea","tebere"
"504","KIRINYAGA","gichugu","kabare"
"505","KIRINYAGA","gichugu","baragwi"
"506","KIRINYAGA","gichugu","njukiini"
"507","KIRINYAGA","gichugu","ngariama"
"508","KIRINYAGA","gichugu","karumandi"
"509","KIRINYAGA","ndia","mukure"
"510","KIRINYAGA","ndia","kiine"
"511","KIRINYAGA","ndia","kariti"
"512","KIRINYAGA","kirinyaga central","mutira"
"513","KIRINYAGA","kirinyaga central","kanyeki-ini"
"514","KIRINYAGA","kirinyaga central","kerugoya"
"515","KIRINYAGA","kirinyaga central","inoi"
"516","MURANG'A","kangema","kanyenyaini"
"517","MURANG'A","kangema","muguru"
"518","MURANG'A","kangema","rwathia"
"519","MURANG'A","mathioya","gitugi"
"520","MURANG'A","mathioya","kiru"
"521","MURANG'A","mathioya","kamacharia"
"522","MURANG'A","kiharu","wangu"
"523","MURANG'A","kiharu","mugoiri"
"524","MURANG'A","kiharu","mbiri"
"525","MURANG'A","kiharu","township"
"526","MURANG'A","kiharu","murarandia"
"527","MURANG'A","kiharu","gaturi"
"528","MURANG'A","kigumo","kahumbu"
"529","MURANG'A","kigumo","muthithi"
"530","MURANG'A","kigumo","kigumo"
"531","MURANG'A","kigumo","kangari"
"532","MURANG'A","kigumo","kinyona"
"533","MURANG'A","maragwa","kimorori/wempa"
"534","MURANG'A","maragwa","makuyu"
"535","MURANG'A","maragwa","kambiti"
"536","MURANG'A","maragwa","kamahuha"
"537","MURANG'A","maragwa","ichagaki"
"538","MURANG'A","maragwa","nginda"
"539","MURANG'A","kandara","ng'araria"
"540","MURANG'A","kandara","muruka"
"541","MURANG'A","kandara","kagundu-ini"
"542","MURANG'A","kandara","gaichanjiru"
"543","MURANG'A","kandara","ithiru"
"544","MURANG'A","kandara","ruchu"
"545","MURANG'A","gatanga","ithanga"
"546","MURANG'A","gatanga","kakuzi/mitubiri"
"547","MURANG'A","gatanga","mugumo-ini"
"548","MURANG'A","gatanga","kihumbu-ini"
"549","MURANG'A","gatanga","gatanga"
"550","MURANG'A","gatanga","kariara"
"551","KIAMBU","gatundu south","kiamwangi"
"552","KIAMBU","gatundu south","kiganjo"
"553","KIAMBU","gatundu south","ndarugu"
"554","KIAMBU","gatundu south","ngenda"
"555","KIAMBU","gatundu north","gituamba"
"556","KIAMBU","gatundu north","githobokoni"
"557","KIAMBU","gatundu north","chania"
"558","KIAMBU","gatundu north","mang'u"
"559","KIAMBU","juja","murera"
"560","KIAMBU","juja","theta"
"561","KIAMBU","juja","juja"
"562","KIAMBU","juja","witeithie"
"563","KIAMBU","juja","kalimoni"
"564","KIAMBU","thika town","township"
"565","KIAMBU","thika town","kamenu"
"566","KIAMBU","thika town","hospital"
"567","KIAMBU","thika town","gatuanyaga"
"568","KIAMBU","thika town","ngoliba"
"569","KIAMBU","ruiru","gitothua"
"570","KIAMBU","ruiru","biashara"
"571","KIAMBU","ruiru","gatongora"
"572","KIAMBU","ruiru","kahawa sukari"
"573","KIAMBU","ruiru","kahawa wendani"
"574","KIAMBU","ruiru","kiuu"
"575","KIAMBU","ruiru","mwiki"
"576","KIAMBU","ruiru","mwihoko"
"577","KIAMBU","githunguri","githunguri"
"578","KIAMBU","githunguri","githiga"
"579","KIAMBU","githunguri","ikinu"
"580","KIAMBU","githunguri","ngewa"
"581","KIAMBU","githunguri","komothai"
"582","KIAMBU","kiambu","ting'ang'a"
"583","KIAMBU","kiambu","ndumberi"
"584","KIAMBU","kiambu","riabai"
"585","KIAMBU","kiambu","township"
"586","KIAMBU","kiambaa","cianda"
"587","KIAMBU","kiambaa","karuri"
"588","KIAMBU","kiambaa","ndenderu"
"589","KIAMBU","kiambaa","muchatha"
"590","KIAMBU","kiambaa","kihara"
"591","KIAMBU","kabete","gitaru"
"592","KIAMBU","kabete","muguga"
"593","KIAMBU","kabete","nyadhuna"
"594","KIAMBU","kabete","kabete"
"595","KIAMBU","kabete","uthiru"
"596","KIAMBU","kikuyu","karai"
"597","KIAMBU","kikuyu","nachu"
"598","KIAMBU","kikuyu","sigona"
"599","KIAMBU","kikuyu","kikuyu"
"600","KIAMBU","kikuyu","kinoo"
"601","KIAMBU","limuru","bibirioni"
"602","KIAMBU","limuru","limuru central"
"603","KIAMBU","limuru","ndeiya"
"604","KIAMBU","limuru","limuru east"
"605","KIAMBU","limuru","ngecha tigoni"
"606","KIAMBU","lari","kinale"
"607","KIAMBU","lari","kijabe"
"608","KIAMBU","lari","nyanduma"
"609","KIAMBU","lari","kamburu"
"610","KIAMBU","lari","lari/kirenga"
"611","TURKANA","turkana north","kaeris"
"612","TURKANA","turkana north","lake zone"
"613","TURKANA","turkana north","lapur"
"614","TURKANA","turkana north","kaaleng/kaikor"
"615","TURKANA","turkana north","kibish"
"616","TURKANA","turkana north","nakalale"
"617","TURKANA","turkana west","kakuma"
"618","TURKANA","turkana west","lopur"
"619","TURKANA","turkana west","letea"
"620","TURKANA","turkana west","songot"
"621","TURKANA","turkana west","kalobeyei"
"622","TURKANA","turkana west","lokichoggio"
"623","TURKANA","turkana west","nanaam"
"624","TURKANA","turkana central","kerio delta"
"625","TURKANA","turkana central","kang'atotha"
"626","TURKANA","turkana central","kalokol"
"627","TURKANA","turkana central","lodwar township"
"628","TURKANA","turkana central","kanamkemer"
"629","TURKANA","loima","kotaruk/lobei"
"630","TURKANA","loima","turkwel"
"631","TURKANA","loima","loima"
"632","TURKANA","loima","lokiriama/lorengippi"
"633","TURKANA","turkana south","kaputir"
"634","TURKANA","turkana south","katilu"
"635","TURKANA","turkana south","lobokat"
"636","TURKANA","turkana south","kalapata"
"637","TURKANA","turkana south","lokichar"
"638","TURKANA","turkana east","kapedo/napeitom"
"639","TURKANA","turkana east","katilia"
"640","TURKANA","turkana east","lokori/kochodin"
"641","WEST POKOT","kapenguria","riwo"
"642","WEST POKOT","kapenguria","kapenguria"
"643","WEST POKOT","kapenguria","mnagei"
"644","WEST POKOT","kapenguria","siyoi"
"645","WEST POKOT","kapenguria","endugh"
"646","WEST POKOT","kapenguria","sook"
"647","WEST POKOT","sigor","sekerr"
"648","WEST POKOT","sigor","masool"
"649","WEST POKOT","sigor","lomut"
"650","WEST POKOT","sigor","weiwei"
"651","WEST POKOT","kacheliba","suam"
"652","WEST POKOT","kacheliba","kodich"
"653","WEST POKOT","kacheliba","kapckok"
"654","WEST POKOT","kacheliba","kasei"
"655","WEST POKOT","kacheliba","kiwawa"
"656","WEST POKOT","kacheliba","alale"
"657","WEST POKOT","pokot south","chepareria"
"658","WEST POKOT","pokot south","batei"
"659","WEST POKOT","pokot south","lelan"
"660","WEST POKOT","pokot south","tapach"
"661","SAMBURU","samburu west","lodokejek"
"662","SAMBURU","samburu west","suguta marmar"
"663","SAMBURU","samburu west","maralal"
"664","SAMBURU","samburu west","loosuk"
"665","SAMBURU","samburu west","poro"
"666","SAMBURU","samburu north","el-barta"
"667","SAMBURU","samburu north","nachola"
"668","SAMBURU","samburu north","ndoto"
"669","SAMBURU","samburu north","nyiro"
"670","SAMBURU","samburu north","angata nanyokie"
"671","SAMBURU","samburu north","baawa"
"672","SAMBURU","samburu east","waso"
"673","SAMBURU","samburu east","wamba west"
"674","SAMBURU","samburu east","wamba east"
"675","SAMBURU","samburu east","wamba north"
"676","TRANS NZOIA","kwanza","kapomboi"
"677","TRANS NZOIA","kwanza","kwanza"
"678","TRANS NZOIA","kwanza","keiyo"
"679","TRANS NZOIA","kwanza","bidii"
"680","TRANS NZOIA","endebess","chepchoina"
"681","TRANS NZOIA","endebess","endebess"
"682","TRANS NZOIA","endebess","matumbei"
"683","TRANS NZOIA","saboti","kinyoro"
"684","TRANS NZOIA","saboti","matisi"
"685","TRANS NZOIA","saboti","tuwani"
"686","TRANS NZOIA","saboti","saboti"
"687","TRANS NZOIA","saboti","machewa"
"688","TRANS NZOIA","kiminini","kiminini"
"689","TRANS NZOIA","kiminini","waitaluk"
"690","TRANS NZOIA","kiminini","sirende"
"691","TRANS NZOIA","kiminini","hospital"
"692","TRANS NZOIA","kiminini","sikhendu"
"693","TRANS NZOIA","kiminini","nabiswa"
"694","TRANS NZOIA","cherangany","sinyerere"
"695","TRANS NZOIA","cherangany","makutano"
"696","TRANS NZOIA","cherangany","kaplamai"
"697","TRANS NZOIA","cherangany","motosiet"
"698","TRANS NZOIA","cherangany","cherangany/suwerwa"
"699","TRANS NZOIA","cherangany","chepsiro/kiptoror"
"700","TRANS NZOIA","cherangany","sitatunga"
"701","UASIN GISHU","soy","moi's bridge"
"702","UASIN GISHU","soy","kapkures"
"703","UASIN GISHU","soy","ziwa"
"704","UASIN GISHU","soy","segero/barsombe"
"705","UASIN GISHU","soy","kipsomba"
"706","UASIN GISHU","soy","soy"
"707","UASIN GISHU","soy","kuinet/kapsuswa"
"708","UASIN GISHU","turbo","ngenyilel"
"709","UASIN GISHU","turbo","tapsagoi"
"710","UASIN GISHU","turbo","kamagut"
"711","UASIN GISHU","turbo","kiplombe"
"712","UASIN GISHU","turbo","kapsaos"
"713","UASIN GISHU","turbo","huruma"
"714","UASIN GISHU","moiben","tembelio"
"715","UASIN GISHU","moiben","sergoit"
"716","UASIN GISHU","moiben","karuna/meibeki"
"717","UASIN GISHU","moiben","moiben"
"718","UASIN GISHU","moiben","kimumu"
"719","UASIN GISHU","ainabkoi","kapsoya"
"720","UASIN GISHU","ainabkoi","kaptagat"
"721","UASIN GISHU","ainabkoi","ainabkoi/olare"
"722","UASIN GISHU","kapseret","simat/kapseret"
"723","UASIN GISHU","kapseret","kipkenyo"
"724","UASIN GISHU","kapseret","ngeria"
"725","UASIN GISHU","kapseret","megun"
"726","UASIN GISHU","kapseret","langas"
"727","UASIN GISHU","kesses","racecourse"
"728","UASIN GISHU","kesses","cheptiret/kipchamo"
"729","UASIN GISHU","kesses","tulwet/chuiyat"
"730","UASIN GISHU","kesses","tarakwa"
"731","ELGEYO/MARAKWET","marakwet east","kapyego"
"732","ELGEYO/MARAKWET","marakwet east","sambirir"
"733","ELGEYO/MARAKWET","marakwet east","endo"
"734","ELGEYO/MARAKWET","marakwet east","embobut / embulot"
"735","ELGEYO/MARAKWET","marakwet west","lelan"
"736","ELGEYO/MARAKWET","marakwet west","sengwer"
"737","ELGEYO/MARAKWET","marakwet west","cherang'any/chebororwa"
"738","ELGEYO/MARAKWET","marakwet west","moiben/kuserwo"
"739","ELGEYO/MARAKWET","marakwet west","kapsowar"
"740","ELGEYO/MARAKWET","marakwet west","arror"
"741","ELGEYO/MARAKWET","keiyo north","emsoo"
"742","ELGEYO/MARAKWET","keiyo north","kamariny"
"743","ELGEYO/MARAKWET","keiyo north","kapchemutwa"
"744","ELGEYO/MARAKWET","keiyo north","tambach"
"745","ELGEYO/MARAKWET","keiyo south","kaptarakwa"
"746","ELGEYO/MARAKWET","keiyo south","chepkorio"
"747","ELGEYO/MARAKWET","keiyo south","soy north"
"748","ELGEYO/MARAKWET","keiyo south","soy south"
"749","ELGEYO/MARAKWET","keiyo south","kabiemit"
"750","ELGEYO/MARAKWET","keiyo south","metkei"
"751","NANDI","tinderet","songhor/soba"
"752","NANDI","tinderet","tindiret"
"753","NANDI","tinderet","chemelil/chemase"
"754","NANDI","tinderet","kapsimotwo"
"755","NANDI","aldai","kabwareng"
"756","NANDI","aldai","terik"
"757","NANDI","aldai","kemeloi-maraba"
"758","NANDI","aldai","kobujoi"
"759","NANDI","aldai","kaptumo-kaboi"
"760","NANDI","aldai","koyo-ndurio"
"761","NANDI","nandi hills","nandi hills"
"762","NANDI","nandi hills","chepkunyuk"
"763","NANDI","nandi hills","ol'lessos"
"764","NANDI","nandi hills","kapchorua"
"765","NANDI","chesumei","chemundu/kapng'etuny"
"766","NANDI","chesumei","kosirai"
"767","NANDI","chesumei","lelmokwo/ngechek"
"768","NANDI","chesumei","kaptel/kamoiywo"
"769","NANDI","chesumei","kiptuya"
"770","NANDI","emgwen","chepkumia"
"771","NANDI","emgwen","kapkangani"
"772","NANDI","emgwen","kapsabet"
"773","NANDI","emgwen","kilibwoni"
"774","NANDI","mosop","chepterwai"
"775","NANDI","mosop","kipkaren"
"776","NANDI","mosop","kurgung/surungai"
"777","NANDI","mosop","kabiyet"
"778","NANDI","mosop","ndalat"
"779","NANDI","mosop","kabisaga"
"780","NANDI","mosop","sangalo/kebulonik"
"781","BARINGO","tiaty","tirioko"
"782","BARINGO","tiaty","kolowa"
"783","BARINGO","tiaty","ribkwo"
"784","BARINGO","tiaty","silale"
"785","BARINGO","tiaty","loiyamorock"
"786","BARINGO","tiaty","tangulbei/korossi"
"787","BARINGO","tiaty","churo/amaya"
"788","BARINGO","baringo  north","barwessa"
"789","BARINGO","baringo  north","kabartonjo"
"790","BARINGO","baringo  north","saimo/kipsaraman"
"791","BARINGO","baringo  north","saimo/soi"
"792","BARINGO","baringo  north","bartabwa"
"793","BARINGO","baringo central","kabarnet"
"794","BARINGO","baringo central","sacho"
"795","BARINGO","baringo central","tenges"
"796","BARINGO","baringo central","ewalel chapchap"
"797","BARINGO","baringo central","kapropita"
"798","BARINGO","baringo south","marigat"
"799","BARINGO","baringo south","ilchamus"
"800","BARINGO","baringo south","mochongoi"
"801","BARINGO","baringo south","mukutani"
"802","BARINGO","mogotio","mogotio"
"803","BARINGO","mogotio","emining"
"804","BARINGO","mogotio","kisanana"
"805","BARINGO","eldama ravine","lembus"
"806","BARINGO","eldama ravine","lembus kwen"
"807","BARINGO","eldama ravine","ravine"
"808","BARINGO","eldama ravine","mumberes/maji mazuri"
"809","BARINGO","eldama ravine","lembus/perkerra"
"810","BARINGO","eldama ravine","koibatek"
"811","LAIKIPIA","laikipia west","olmoran"
"812","LAIKIPIA","laikipia west","rumuruti township"
"813","LAIKIPIA","laikipia west","kinamba"
"814","LAIKIPIA","laikipia west","marmanet"
"815","LAIKIPIA","laikipia west","igwamiti"
"816","LAIKIPIA","laikipia west","salama"
"817","LAIKIPIA","laikipia east","ngobit"
"818","LAIKIPIA","laikipia east","tigithi"
"819","LAIKIPIA","laikipia east","thingithu"
"820","LAIKIPIA","laikipia east","nanyuki"
"821","LAIKIPIA","laikipia east","umande"
"822","LAIKIPIA","laikipia north","sosian"
"823","LAIKIPIA","laikipia north","segera"
"824","LAIKIPIA","laikipia north","mukogondo west"
"825","NAKURU","laikipia north","mukogondo east"
"826","NAKURU","molo","mariashoni"
"827","NAKURU","molo","elburgon"
"828","NAKURU","molo","turi"
"829","NAKURU","molo","molo"
"830","NAKURU","njoro","maunarok"
"831","NAKURU","njoro","mauche"
"832","NAKURU","njoro","kihingo"
"833","NAKURU","njoro","nessuit"
"834","NAKURU","njoro","lare"
"835","NAKURU","njoro","njoro"
"836","NAKURU","naivasha","biashara"
"837","NAKURU","naivasha","hells gate"
"838","NAKURU","naivasha","lakeview"
"839","NAKURU","naivasha","maai-mahiu"
"840","NAKURU","naivasha","maiella"
"841","NAKURU","naivasha","olkaria"
"842","NAKURU","naivasha","naivasha east"
"843","NAKURU","naivasha","viwandani"
"844","NAKURU","gilgil","gilgil"
"845","NAKURU","gilgil","elementaita"
"846","NAKURU","gilgil","mbaruk/eburu"
"847","NAKURU","gilgil","malewa west"
"848","NAKURU","gilgil","murindati"
"849","NAKURU","kuresoi south","amalo"
"850","NAKURU","kuresoi south","keringet"
"851","NAKURU","kuresoi south","kiptagich"
"852","NAKURU","kuresoi south","tinet"
"853","NAKURU","kuresoi north","kiptororo"
"854","NAKURU","kuresoi north","nyota"
"855","NAKURU","kuresoi north","sirikwa"
"856","NAKURU","kuresoi north","kamara"
"857","NAKURU","subukia","subukia"
"858","NAKURU","subukia","waseges"
"859","NAKURU","subukia","kabazi"
"860","NAKURU","rongai","menengai west"
"861","NAKURU","rongai","soin"
"862","NAKURU","rongai","visoi"
"863","NAKURU","rongai","mosop"
"864","NAKURU","rongai","solai"
"865","NAKURU","bahati","dundori"
"866","NAKURU","bahati","kabatini"
"867","NAKURU","bahati","kiamaina"
"868","NAKURU","bahati","lanet/umoja"
"869","NAKURU","bahati","bahati"
"870","NAKURU","nakuru town west","barut"
"871","NAKURU","nakuru town west","london"
"872","NAKURU","nakuru town west","kaptembwo"
"873","NAKURU","nakuru town west","kapkures"
"874","NAKURU","nakuru town west","rhoda"
"875","NAKURU","nakuru town west","shaabab"
"876","NAKURU","nakuru town east","biashara"
"877","NAKURU","nakuru town east","kivumbini"
"878","NAKURU","nakuru town east","flamingo"
"879","NAKURU","nakuru town east","menengai"
"880","NAKURU","nakuru town east","nakuru east"
"881","NAROK","kilgoris","kilgoris central"
"882","NAROK","kilgoris","keyian"
"883","NAROK","kilgoris","angata barikoi"
"884","NAROK","kilgoris","shankoe"
"885","NAROK","kilgoris","kimintet"
"886","NAROK","kilgoris","lolgorian"
"887","NAROK","emurua dikirr","ilkerin"
"888","NAROK","emurua dikirr","ololmasani"
"889","NAROK","emurua dikirr","mogondo"
"890","NAROK","emurua dikirr","kapsasian"
"891","NAROK","narok north","olpusimoru"
"892","NAROK","narok north","olokurto"
"893","NAROK","narok north","narok town"
"894","NAROK","narok north","nkareta"
"895","NAROK","narok north","olorropil"
"896","NAROK","narok north","melili"
"897","NAROK","narok east","mosiro"
"898","NAROK","narok east","ildamat"
"899","NAROK","narok east","keekonyokie"
"900","NAROK","narok east","suswa"
"901","NAROK","narok south","majimoto/naroosura"
"902","NAROK","narok south","ololulung'a"
"903","NAROK","narok south","melelo"
"904","NAROK","narok south","loita"
"905","NAROK","narok south","sogoo"
"906","NAROK","narok south","sagamian"
"907","NAROK","narok west","ilmotiok"
"908","NAROK","narok west","mara"
"909","NAROK","narok west","siana"
"910","NAROK","narok west","naikarra"
"911","KAJIADO","kajiado north","olkeri"
"912","KAJIADO","kajiado north","ongata rongai"
"913","KAJIADO","kajiado north","nkaimurunya"
"914","KAJIADO","kajiado north","oloolua"
"915","KAJIADO","kajiado north","ngong"
"916","KAJIADO","kajiado central","purko"
"917","KAJIADO","kajiado central","ildamat"
"918","KAJIADO","kajiado central","dalalekutuk"
"919","KAJIADO","kajiado central","matapato north"
"920","KAJIADO","kajiado central","matapato south"
"921","KAJIADO","kajiado east","kaputiei north"
"922","KAJIADO","kajiado east","kitengela"
"923","KAJIADO","kajiado east","oloosirkon/sholinke"
"924","KAJIADO","kajiado east","kenyawa-poka"
"925","KAJIADO","kajiado east","imaroro"
"926","KAJIADO","kajiado west","keekonyokie"
"927","KAJIADO","kajiado west","iloodokilani"
"928","KAJIADO","kajiado west","magadi"
"929","KAJIADO","kajiado west","ewuaso oonkidong'i"
"930","KAJIADO","kajiado west","mosiro"
"931","KAJIADO","kajiado south","entonet/lenkisim"
"932","KAJIADO","kajiado south","mbirikani/eselenkei"
"933","KAJIADO","kajiado south","kuku"
"934","KAJIADO","kajiado south","rombo"
"935","KAJIADO","kajiado south","kimana"
"936","KERICHO","kipkelion east","londiani"
"937","KERICHO","kipkelion east","kedowa/kimugul"
"938","KERICHO","kipkelion east","chepseon"
"939","KERICHO","kipkelion east","tendeno/sorget"
"940","KERICHO","kipkelion west","kunyak"
"941","KERICHO","kipkelion west","kamasian"
"942","KERICHO","kipkelion west","kipkelion"
"943","KERICHO","kipkelion west","chilchila"
"944","KERICHO","ainamoi","kapsoit"
"945","KERICHO","ainamoi","ainamoi"
"946","KERICHO","ainamoi","kapkugerwet"
"947","KERICHO","ainamoi","kipchebor"
"948","KERICHO","ainamoi","kipchimchim"
"949","KERICHO","ainamoi","kapsaos"
"950","KERICHO","bureti","kisiara"
"951","KERICHO","bureti","tebesonik"
"952","KERICHO","bureti","cheboin"
"953","KERICHO","bureti","chemosot"
"954","KERICHO","bureti","litein"
"955","KERICHO","bureti","cheplanget"
"956","KERICHO","bureti","kapkatet"
"957","KERICHO","belgut","waldai"
"958","KERICHO","belgut","kabianga"
"959","KERICHO","belgut","cheptororiet/seretut"
"960","KERICHO","belgut","chaik"
"961","KERICHO","belgut","kapsuser"
"962","KERICHO","sigowet/soin","sigowet"
"963","KERICHO","sigowet/soin","kaplelartet"
"964","KERICHO","sigowet/soin","soliat"
"965","KERICHO","sigowet/soin","soin"
"966","BOMET","sotik","ndanai/abosi"
"967","BOMET","sotik","chemagel"
"968","BOMET","sotik","kipsonoi"
"969","BOMET","sotik","kapletundo"
"970","BOMET","sotik","rongena/manaret"
"971","BOMET","chepalungu","kong'asis"
"972","BOMET","chepalungu","nyangores"
"973","BOMET","chepalungu","sigor"
"974","BOMET","chepalungu","chebunyo"
"975","BOMET","chepalungu","siongiroi"
"976","BOMET","bomet east","merigi"
"977","BOMET","bomet east","kembu"
"978","BOMET","bomet east","longisa"
"979","BOMET","bomet east","kipreres"
"980","BOMET","bomet east","chemaner"
"981","BOMET","bomet central","silibwet township"
"982","BOMET","bomet central","ndaraweta"
"983","BOMET","bomet central","singorwet"
"984","BOMET","bomet central","chesoen"
"985","BOMET","bomet central","mutarakwa"
"986","BOMET","konoin","chepchabas"
"987","BOMET","konoin","kimulot"
"988","BOMET","konoin","mogogosiek"
"989","BOMET","konoin","boito"
"990","BOMET","konoin","embomos"
"991","KAKAMEGA","lugari","mautuma"
"992","KAKAMEGA","lugari","lugari"
"993","KAKAMEGA","lugari","lumakanda"
"994","KAKAMEGA","lugari","chekalini"
"995","KAKAMEGA","lugari","chevaywa"
"996","KAKAMEGA","lugari","lwandeti"
"997","KAKAMEGA","likuyani","likuyani"
"998","KAKAMEGA","likuyani","sango"
"999","KAKAMEGA","likuyani","kongoni"
"1000","KAKAMEGA","likuyani","nzoia"
"1001","KAKAMEGA","likuyani","sinoko"
"1002","KAKAMEGA","malava","west kabras"
"1003","KAKAMEGA","malava","chemuche"
"1004","KAKAMEGA","malava","east kabras"
"1005","KAKAMEGA","malava","butali/chegulo"
"1006","KAKAMEGA","malava","manda-shivanga"
"1007","KAKAMEGA","malava","shirugu-mugai"
"1008","KAKAMEGA","malava","south kabras"
"1009","KAKAMEGA","lurambi","butsotso east"
"1010","KAKAMEGA","lurambi","butsotso south"
"1011","KAKAMEGA","lurambi","butsotso central"
"1012","KAKAMEGA","lurambi","sheywe"
"1013","KAKAMEGA","lurambi","mahiakalo"
"1014","KAKAMEGA","lurambi","shirere"
"1015","KAKAMEGA","navakholo","ingostse-mathia"
"1016","KAKAMEGA","navakholo","shinoyi-shikomari-"
"1017","KAKAMEGA","navakholo","bunyala west"
"1018","KAKAMEGA","navakholo","bunyala east"
"1019","KAKAMEGA","navakholo","bunyala central"
"1020","KAKAMEGA","mumias west","mumias central"
"1021","KAKAMEGA","mumias west","mumias north"
"1022","KAKAMEGA","mumias west","etenje"
"1023","KAKAMEGA","mumias west","musanda"
"1024","KAKAMEGA","mumias east","lubinu/lusheya"
"1025","KAKAMEGA","mumias east","isongo/makunga/malaha"
"1026","KAKAMEGA","mumias east","east wanga"
"1027","KAKAMEGA","matungu","koyonzo"
"1028","KAKAMEGA","matungu","kholera"
"1029","KAKAMEGA","matungu","khalaba"
"1030","KAKAMEGA","matungu","mayoni"
"1031","KAKAMEGA","matungu","namamali"
"1032","KAKAMEGA","butere","marama west"
"1033","KAKAMEGA","butere","marama central"
"1034","KAKAMEGA","butere","marenyo - shianda"
"1035","KAKAMEGA","butere","marama north"
"1036","KAKAMEGA","butere","marama south"
"1037","KAKAMEGA","khwisero","kisa north"
"1038","KAKAMEGA","khwisero","kisa east"
"1039","KAKAMEGA","khwisero","kisa west"
"1040","KAKAMEGA","khwisero","kisa central"
"1041","KAKAMEGA","shinyalu","isukha north"
"1042","KAKAMEGA","shinyalu","murhanda"
"1043","KAKAMEGA","shinyalu","isukha central"
"1044","KAKAMEGA","shinyalu","isukha south"
"1045","KAKAMEGA","shinyalu","isukha east"
"1046","KAKAMEGA","shinyalu","isukha west"
"1047","KAKAMEGA","ikolomani","idakho south"
"1048","KAKAMEGA","ikolomani","idakho east"
"1049","KAKAMEGA","ikolomani","idakho north"
"1050","KAKAMEGA","ikolomani","idakho central"
"1051","VIHIGA","vihiga","lugaga-wamuluma"
"1052","VIHIGA","vihiga","south maragoli"
"1053","VIHIGA","vihiga","central maragoli"
"1054","VIHIGA","vihiga","mungoma"
"1055","VIHIGA","sabatia","lyaduywa/izava"
"1056","VIHIGA","sabatia","west sabatia"
"1057","VIHIGA","sabatia","chavakali"
"1058","VIHIGA","sabatia","north maragoli"
"1059","VIHIGA","sabatia","wodanga"
"1060","VIHIGA","sabatia","busali"
"1061","VIHIGA","hamisi","shiru"
"1062","VIHIGA","hamisi","muhudu"
"1063","VIHIGA","hamisi","shamakhokho"
"1064","VIHIGA","hamisi","gisambai"
"1065","VIHIGA","hamisi","banja"
"1066","VIHIGA","hamisi","tambua"
"1067","VIHIGA","hamisi","jepkoyai"
"1068","VIHIGA","luanda","luanda township"
"1069","VIHIGA","luanda","wemilabi"
"1070","VIHIGA","luanda","mwibona"
"1071","VIHIGA","luanda","luanda south"
"1072","VIHIGA","luanda","emabungo"
"1073","VIHIGA","emuhaya","north east bunyore"
"1074","VIHIGA","emuhaya","central bunyore"
"1075","VIHIGA","emuhaya","west bunyore"
"1076","BUNGOMA","mt.elgon","cheptais"
"1077","BUNGOMA","mt.elgon","chesikaki"
"1078","BUNGOMA","mt.elgon","chepyuk"
"1079","BUNGOMA","mt.elgon","kapkateny"
"1080","BUNGOMA","mt.elgon","kaptama"
"1081","BUNGOMA","mt.elgon","elgon"
"1082","BUNGOMA","sirisia","namwela"
"1083","BUNGOMA","sirisia","malakisi/south kulisiru"
"1084","BUNGOMA","sirisia","lwandanyi"
"1085","BUNGOMA","kabuchai","kabuchai/chwele"
"1086","BUNGOMA","kabuchai","west nalondo"
"1087","BUNGOMA","kabuchai","bwake/luuya"
"1088","BUNGOMA","kabuchai","mukuyuni"
"1089","BUNGOMA","bumula","south bukusu"
"1090","BUNGOMA","bumula","bumula"
"1091","BUNGOMA","bumula","khasoko"
"1092","BUNGOMA","bumula","kabula"
"1093","BUNGOMA","bumula","kimaeti"
"1094","BUNGOMA","bumula","west bukusu"
"1095","BUNGOMA","bumula","siboti"
"1096","BUNGOMA","kanduyi","bukembe west"
"1097","BUNGOMA","kanduyi","bukembe east"
"1098","BUNGOMA","kanduyi","township"
"1099","BUNGOMA","kanduyi","khalaba"
"1100","BUNGOMA","kanduyi","musikoma"
"1101","BUNGOMA","kanduyi","east sang'alo"
"1102","BUNGOMA","kanduyi","marakaru/tuuti"
"1103","BUNGOMA","kanduyi","sang'alo west"
"1104","BUNGOMA","webuye east","mihuu"
"1105","BUNGOMA","webuye east","ndivisi"
"1106","BUNGOMA","webuye east","maraka"
"1107","BUNGOMA","webuye west","misikhu"
"1108","BUNGOMA","webuye west","sitikho"
"1109","BUNGOMA","webuye west","matulo"
"1110","BUNGOMA","webuye west","bokoli"
"1111","BUNGOMA","kimilili","kimilili"
"1112","BUNGOMA","kimilili","kibingei"
"1113","BUNGOMA","kimilili","maeni"
"1114","BUNGOMA","kimilili","kamukuywa"
"1115","BUNGOMA","tongaren","mbakalo"
"1116","BUNGOMA","tongaren","naitiri/kabuyefwe"
"1117","BUNGOMA","tongaren","milima"
"1118","BUNGOMA","tongaren","ndalu/ tabani"
"1119","BUNGOMA","tongaren","tongaren"
"1120","BUNGOMA","tongaren","soysambu/ mitua"
"1121","BUSIA","teso north","malaba central"
"1122","BUSIA","teso north","malaba north"
"1123","BUSIA","teso north","ang'urai south"
"1124","BUSIA","teso north","ang'urai north"
"1125","BUSIA","teso north","ang'urai east"
"1126","BUSIA","teso north","malaba south"
"1127","BUSIA","teso south","ang'orom"
"1128","BUSIA","teso south","chakol south"
"1129","BUSIA","teso south","chakol north"
"1130","BUSIA","teso south","amukura west"
"1131","BUSIA","teso south","amukura east"
"1132","BUSIA","teso south","amukura central"
"1133","BUSIA","nambale","nambale township"
"1134","BUSIA","nambale","bukhayo north/waltsi"
"1135","BUSIA","nambale","bukhayo east"
"1136","BUSIA","nambale","bukhayo central"
"1137","BUSIA","matayos","bukhayo west"
"1138","BUSIA","matayos","mayenje"
"1139","BUSIA","matayos","matayos south"
"1140","BUSIA","matayos","busibwabo"
"1141","BUSIA","matayos","burumba"
"1142","BUSIA","butula","marachi west"
"1143","BUSIA","butula","kingandole"
"1144","BUSIA","butula","marachi central"
"1145","BUSIA","butula","marachi east"
"1146","BUSIA","butula","marachi north"
"1147","BUSIA","butula","elugulu"
"1148","BUSIA","funyula","namboboto nambuku"
"1149","BUSIA","funyula","nangina"
"1150","BUSIA","funyula","ageng'a nanguba"
"1151","BUSIA","funyula","bwiri"
"1152","BUSIA","budalangi","bunyala central"
"1153","BUSIA","budalangi","bunyala north"
"1154","BUSIA","budalangi","bunyala west"
"1155","BUSIA","budalangi","bunyala south"
"1156","SIAYA","ugenya","west ugenya"
"1157","SIAYA","ugenya","ukwala"
"1158","SIAYA","ugenya","north ugenya"
"1159","SIAYA","ugenya","east ugenya"
"1160","SIAYA","ugunja","sidindi"
"1161","SIAYA","ugunja","sigomere"
"1162","SIAYA","ugunja","ugunja"
"1163","SIAYA","alego usonga","usonga"
"1164","SIAYA","alego usonga","west alego"
"1165","SIAYA","alego usonga","central alego"
"1166","SIAYA","alego usonga","siaya township"
"1167","SIAYA","alego usonga","north alego"
"1168","SIAYA","alego usonga","south east alego"
"1169","SIAYA","gem","north gem"
"1170","SIAYA","gem","west gem"
"1171","SIAYA","gem","central gem"
"1172","SIAYA","gem","yala township"
"1173","SIAYA","gem","east gem"
"1174","SIAYA","gem","south gem"
"1175","SIAYA","bondo","west yimbo"
"1176","SIAYA","bondo","central sakwa"
"1177","SIAYA","bondo","south sakwa"
"1178","SIAYA","bondo","yimbo east"
"1179","SIAYA","bondo","west sakwa"
"1180","SIAYA","bondo","north sakwa"
"1181","SIAYA","rarieda","east asembo"
"1182","SIAYA","rarieda","west asembo"
"1183","SIAYA","rarieda","north uyoma"
"1184","SIAYA","rarieda","south uyoma"
"1185","SIAYA","rarieda","west uyoma"
"1186","KISUMU","kisumu east","kajulu"
"1187","KISUMU","kisumu east","kolwa east"
"1188","KISUMU","kisumu east","manyatta 'b'"
"1189","KISUMU","kisumu east","nyalenda 'a'"
"1190","KISUMU","kisumu east","kolwa central"
"1191","KISUMU","kisumu west","south west kisumu"
"1192","KISUMU","kisumu west","central kisumu"
"1193","KISUMU","kisumu west","kisumu north"
"1194","KISUMU","kisumu west","west kisumu"
"1195","KISUMU","kisumu west","north west kisumu"
"1196","KISUMU","kisumu central","railways"
"1197","KISUMU","kisumu central","migosi"
"1198","KISUMU","kisumu central","shaurimoyo kaloleni"
"1199","KISUMU","kisumu central","market milimani"
"1200","KISUMU","kisumu central","kondele"
"1201","KISUMU","kisumu central","nyalenda b"
"1202","KISUMU","seme","west seme"
"1203","KISUMU","seme","central seme"
"1204","KISUMU","seme","east seme"
"1205","KISUMU","seme","north seme"
"1206","KISUMU","nyando","east kano/wawidhi"
"1207","KISUMU","nyando","awasi/onjiko"
"1208","KISUMU","nyando","ahero"
"1209","KISUMU","nyando","kabonyo/kanyagwal"
"1210","KISUMU","nyando","kobura"
"1211","KISUMU","muhoroni","miwani"
"1212","KISUMU","muhoroni","ombeyi"
"1213","KISUMU","muhoroni","masogo/nyang'oma"
"1214","KISUMU","muhoroni","chemelil"
"1215","KISUMU","muhoroni","muhoroni/koru"
"1216","KISUMU","nyakach","south west nyakach"
"1217","KISUMU","nyakach","north nyakach"
"1218","KISUMU","nyakach","central nyakach"
"1219","KISUMU","nyakach","west nyakach"
"1220","KISUMU","nyakach","south east nyakach"
"1221","HOMA BAY","kasipul","west kasipul"
"1222","HOMA BAY","kasipul","south kasipul"
"1223","HOMA BAY","kasipul","central kasipul"
"1224","HOMA BAY","kasipul","east kamagak"
"1225","HOMA BAY","kasipul","west kamagak"
"1226","HOMA BAY","kabondo kasipul","kabondo east"
"1227","HOMA BAY","kabondo kasipul","kabondo west"
"1228","HOMA BAY","kabondo kasipul","kokwanyo/kakelo"
"1229","HOMA BAY","kabondo kasipul","kojwach"
"1230","HOMA BAY","karachuonyo","west karachuonyo"
"1231","HOMA BAY","karachuonyo","north karachuonyo"
"1232","HOMA BAY","karachuonyo","central"
"1233","HOMA BAY","karachuonyo","kanyaluo"
"1234","HOMA BAY","karachuonyo","kibiri"
"1235","HOMA BAY","karachuonyo","wangchieng"
"1236","HOMA BAY","karachuonyo","kendu bay town"
"1237","HOMA BAY","rangwe","west gem"
"1238","HOMA BAY","rangwe","east gem"
"1239","HOMA BAY","rangwe","kagan"
"1240","HOMA BAY","rangwe","kochia"
"1241","HOMA BAY","homa bay town","homa bay central"
"1242","HOMA BAY","homa bay town","homa bay arujo"
"1243","HOMA BAY","homa bay town","homa bay west"
"1244","HOMA BAY","homa bay town","homa bay east"
"1245","HOMA BAY","ndhiwa","kwabwai"
"1246","HOMA BAY","ndhiwa","kanyadoto"
"1247","HOMA BAY","ndhiwa","kanyikela"
"1248","HOMA BAY","ndhiwa","north kabuoch"
"1249","HOMA BAY","ndhiwa","kabuoch south/pala"
"1250","HOMA BAY","ndhiwa","kanyamwa kologi"
"1251","HOMA BAY","ndhiwa","kanyamwa kosewe"
"1252","HOMA BAY","mbita","mfangano island"
"1253","HOMA BAY","mbita","rusinga island"
"1254","HOMA BAY","mbita","kasgunga"
"1255","HOMA BAY","mbita","gembe"
"1256","HOMA BAY","mbita","lambwe"
"1257","HOMA BAY","suba","gwassi south"
"1258","HOMA BAY","suba","gwassi north"
"1259","HOMA BAY","suba","kaksingri west"
"1260","HOMA BAY","suba","ruma kaksingri east"
"1261","MIGORI","rongo","north kamagambo"
"1262","MIGORI","rongo","central kamagambo"
"1263","MIGORI","rongo","east kamagambo"
"1264","MIGORI","rongo","south kamagambo"
"1265","MIGORI","awendo","north sakwa"
"1266","MIGORI","awendo","south sakwa"
"1267","MIGORI","awendo","west sakwa"
"1268","MIGORI","awendo","central sakwa"
"1269","MIGORI","suna east","god jope"
"1270","MIGORI","suna east","suna central"
"1271","MIGORI","suna east","kakrao"
"1272","MIGORI","suna east","kwa"
"1273","MIGORI","suna west","wiga"
"1274","MIGORI","suna west","wasweta ii"
"1275","MIGORI","suna west","ragana-oruba"
"1276","MIGORI","suna west","wasimbete"
"1277","MIGORI","uriri","west kanyamkago"
"1278","MIGORI","uriri","north kanyamkago"
"1279","MIGORI","uriri","central kanyamkago"
"1280","MIGORI","uriri","south kanyamkago"
"1281","MIGORI","uriri","east kanyamkago"
"1282","MIGORI","nyatike","kachien'g"
"1283","MIGORI","nyatike","kanyasa"
"1284","MIGORI","nyatike","north kadem"
"1285","MIGORI","nyatike","macalder/kanyarwanda"
"1286","MIGORI","nyatike","kaler"
"1287","MIGORI","nyatike","got kachola"
"1288","MIGORI","nyatike","muhuru"
"1289","MIGORI","kuria west","bukira east"
"1290","MIGORI","kuria west","bukira centrl/ikerege"
"1291","MIGORI","kuria west","isibania"
"1292","MIGORI","kuria west","makerero"
"1293","MIGORI","kuria west","masaba"
"1294","MIGORI","kuria west","tagare"
"1295","MIGORI","kuria west","nyamosense/komosoko"
"1296","MIGORI","kuria east","gokeharaka/getambwega"
"1297","MIGORI","kuria east","ntimaru west"
"1298","MIGORI","kuria east","ntimaru east"
"1299","MIGORI","kuria east","nyabasi east"
"1300","MIGORI","kuria east","nyabasi west"
"1301","KISII","bonchari","bomariba"
"1302","KISII","bonchari","bogiakumu"
"1303","KISII","bonchari","bomorenda"
"1304","KISII","bonchari","riana"
"1305","KISII","south mugirango","tabaka"
"1306","KISII","south mugirango","boikang'a"
"1307","KISII","south mugirango","bogetenga"
"1308","KISII","south mugirango","borabu / chitago"
"1309","KISII","south mugirango","moticho"
"1310","KISII","south mugirango","getenga"
"1311","KISII","bomachoge borabu","bombaba borabu"
"1312","KISII","bomachoge borabu","boochi borabu"
"1313","KISII","bomachoge borabu","bokimonge"
"1314","KISII","bomachoge borabu","magenche"
"1315","KISII","bobasi","masige west"
"1316","KISII","bobasi","masige east"
"1317","KISII","bobasi","bobasi central"
"1318","KISII","bobasi","nyacheki"
"1319","KISII","bobasi","bobasi bogetaorio"
"1320","KISII","bobasi","bobasi chache"
"1321","KISII","bobasi","sameta/mokwerero"
"1322","KISII","bobasi","bobasi boitangare"
"1323","KISII","bomachoge chache","majoge"
"1324","KISII","bomachoge chache","boochi/tendere"
"1325","KISII","bomachoge chache","bosoti/sengera"
"1326","KISII","nyaribari masaba","ichuni"
"1327","KISII","nyaribari masaba","nyamasibi"
"1328","KISII","nyaribari masaba","masimba"
"1329","KISII","nyaribari masaba","gesusu"
"1330","KISII","nyaribari masaba","kiamokama"
"1331","KISII","nyaribari chache","bobaracho"
"1332","KISII","nyaribari chache","kisii central"
"1333","KISII","nyaribari chache","keumbu"
"1334","KISII","nyaribari chache","kiogoro"
"1335","KISII","nyaribari chache","birongo"
"1336","KISII","nyaribari chache","ibeno"
"1337","KISII","kitutu chache north","monyerero"
"1338","KISII","kitutu chache north","sensi"
"1339","KISII","kitutu chache north","marani"
"1340","KISII","kitutu chache north","kegogi"
"1341","KISII","kitutu chache south","bogusero"
"1342","KISII","kitutu chache south","bogeka"
"1343","KISII","kitutu chache south","nyakoe"
"1344","KISII","kitutu chache south","kitutu   central"
"1345","KISII","kitutu chache south","nyatieko"
"1346","NYAMIRA","kitutu masaba","rigoma"
"1347","NYAMIRA","kitutu masaba","gachuba"
"1348","NYAMIRA","kitutu masaba","kemera"
"1349","NYAMIRA","kitutu masaba","magombo"
"1350","NYAMIRA","kitutu masaba","manga"
"1351","NYAMIRA","kitutu masaba","gesima"
"1352","NYAMIRA","west mugirango","nyamaiya"
"1353","NYAMIRA","west mugirango","bogichora"
"1354","NYAMIRA","west mugirango","bosamaro"
"1355","NYAMIRA","west mugirango","bonyamatuta"
"1356","NYAMIRA","west mugirango","township"
"1357","NYAMIRA","north mugirango","itibo"
"1358","NYAMIRA","north mugirango","bomwagamo"
"1359","NYAMIRA","north mugirango","bokeira"
"1360","NYAMIRA","north mugirango","magwagwa"
"1361","NYAMIRA","north mugirango","ekerenyo"
"1362","NYAMIRA","borabu","mekenene"
"1363","NYAMIRA","borabu","kiabonyoru"
"1364","NYAMIRA","borabu","nyansiongo"
"1365","NYAMIRA","borabu","esise"
"1366","NAIROBI","westlands","kitisuru"
"1367","NAIROBI","westlands","parklands/highridge"
"1368","NAIROBI","westlands","karura"
"1369","NAIROBI","westlands","kangemi"
"1370","NAIROBI","westlands","mountain view"
"1371","NAIROBI","dagoretti north","kilimani"
"1372","NAIROBI","dagoretti north","kawangware"
"1373","NAIROBI","dagoretti north","gatina"
"1374","NAIROBI","dagoretti north","kileleshwa"
"1375","NAIROBI","dagoretti north","kabiro"
"1376","NAIROBI","dagoretti south","mutuini"
"1377","NAIROBI","dagoretti south","ngando"
"1378","NAIROBI","dagoretti south","riruta"
"1379","NAIROBI","dagoretti south","uthiru/ruthimitu"
"1380","NAIROBI","dagoretti south","waithaka"
"1381","NAIROBI","langata","karen"
"1382","NAIROBI","langata","nairobi west"
"1383","NAIROBI","langata","mugumo-ini"
"1384","NAIROBI","langata","south-c"
"1385","NAIROBI","langata","nyayo highrise"
"1386","NAIROBI","kibra","laini saba"
"1387","NAIROBI","kibra","lindi"
"1388","NAIROBI","kibra","makina"
"1389","NAIROBI","kibra","woodley/kenyatta golf"
"1390","NAIROBI","kibra","sarangombe"
"1391","NAIROBI","roysambu","githurai"
"1392","NAIROBI","roysambu","kahawa west"
"1393","NAIROBI","roysambu","zimmerman"
"1394","NAIROBI","roysambu","roysambu"
"1395","NAIROBI","roysambu","kahawa"
"1396","NAIROBI","kasarani","claycity"
"1397","NAIROBI","kasarani","mwiki"
"1398","NAIROBI","kasarani","kasarani"
"1399","NAIROBI","kasarani","njiru"
"1400","NAIROBI","kasarani","ruai"
"1401","NAIROBI","ruaraka","baba dogo"
"1402","NAIROBI","ruaraka","utalii"
"1403","NAIROBI","ruaraka","mathare north"
"1404","NAIROBI","ruaraka","lucky summer"
"1405","NAIROBI","ruaraka","korogocho"
"1406","NAIROBI","embakasi south","imara daima"
"1407","NAIROBI","embakasi south","kwa njenga"
"1408","NAIROBI","embakasi south","kwa reuben"
"1409","NAIROBI","embakasi south","pipeline"
"1410","NAIROBI","embakasi south","kware"
"1411","NAIROBI","embakasi north","kariobangi north"
"1412","NAIROBI","embakasi north","dandora area i"
"1413","NAIROBI","embakasi north","dandora area ii"
"1414","NAIROBI","embakasi north","dandora area iii"
"1415","NAIROBI","embakasi north","dandora area iv"
"1416","NAIROBI","embakasi central","kayole north"
"1417","NAIROBI","embakasi central","kayole central"
"1418","NAIROBI","embakasi central","kayole south"
"1419","NAIROBI","embakasi central","komarock"
"1420","NAIROBI","embakasi central","matopeni"
"1421","NAIROBI","embakasi east","upper savannah"
"1422","NAIROBI","embakasi east","lower savannah"
"1423","NAIROBI","embakasi east","embakasi"
"1424","NAIROBI","embakasi east","utawala"
"1425","NAIROBI","embakasi east","mihango"
"1426","NAIROBI","embakasi west","umoja i"
"1427","NAIROBI","embakasi west","umoja ii"
"1428","NAIROBI","embakasi west","mowlem"
"1429","NAIROBI","embakasi west","kariobangi south"
"1430","NAIROBI","makadara","makongeni"
"1431","NAIROBI","makadara","maringo/hamza"
"1432","NAIROBI","makadara","harambee"
"1433","NAIROBI","makadara","viwandani"
"1434","NAIROBI","kamukunji","pumwani"
"1435","NAIROBI","kamukunji","eastleigh north"
"1436","NAIROBI","kamukunji","eastleigh south"
"1437","NAIROBI","kamukunji","airbase"
"1438","NAIROBI","kamukunji","california"
"1439","NAIROBI","starehe","nairobi central"
"1440","NAIROBI","starehe","ngara"
"1441","NAIROBI","starehe","ziwani/kariokor"
"1442","NAIROBI","starehe","pangani"
"1443","NAIROBI","starehe","landimawe"
"1444","NAIROBI","starehe","nairobi south"
"1445","NAIROBI","mathare","hospital"
"1446","NAIROBI","mathare","mabatini"
"1447","NAIROBI","mathare","huruma"
"1448","NAIROBI","mathare","ngei"
"1449","NAIROBI","mathare","mlango kubwa"
"1450","NAIROBI","mathare","kiamaiko"
